{
  "best_overall": {
    "drawdown_threshold": -0.3,
    "buy_pe_threshold": 65.0,
    "sell_pe_threshold": 90.0,
    "total_return": 1639.71750786602,
    "num_trades": 14.0,
    "num_buys": 10.0,
    "num_sells": 3.0,
    "final_profit": 163971.750786602,
    "initial_capital": 10000.0,
    "max_drawdown": -2.927660218366721,
    "sharpe_ratio": 6.854025469908392,
    "win_rate": 100.0,
    "score": 709.0095220425515
  },
  "best_return": {
    "drawdown_threshold": -0.3,
    "buy_pe_threshold": 65.0,
    "sell_pe_threshold": 90.0,
    "total_return": 1639.71750786602,
    "num_trades": 14.0,
    "num_buys": 10.0,
    "num_sells": 3.0,
    "final_profit": 163971.750786602,
    "initial_capital": 10000.0,
    "max_drawdown": -2.927660218366721,
    "sharpe_ratio": 6.854025469908392,
    "win_rate": 100.0,
    "score": 709.0095220425515
  },
  "best_sharpe": {
    "drawdown_threshold": -0.35,
    "buy_pe_threshold": 55.0,
    "sell_pe_threshold": 90.0,
    "total_return": 85.56068940872366,
    "num_trades": 8.0,
    "num_buys": 6.0,
    "num_sells": 1.0,
    "final_profit": 29588.898037235784,
    "initial_capital": 34582.35112609896,
    "max_drawdown": -10.936494267112995,
    "sharpe_ratio": 9.947961022107666,
    "win_rate": 100.0,
    "score": 91.9328989542822
  },
  "best_drawdown": {
    "drawdown_threshold": -0.3,
    "buy_pe_threshold": 55.0,
    "sell_pe_threshold": 90.0,
    "total_return": 1540.1875871423463,
    "num_trades": 13.0,
    "num_buys": 9.0,
    "num_sells": 3.0,
    "final_profit": 154018.75871423463,
    "initial_capital": 10000.0,
    "max_drawdown": -1.2057063373045562,
    "sharpe_ratio": 7.077608756340204,
    "win_rate": 100.0,
    "score": 669.9891111021582
  },
  "top_10": [
    {
      "drawdown_threshold": -0.3,
      "buy_pe_threshold": 65,
      "sell_pe_threshold": 90,
      "total_return": 1639.71750786602,
      "num_trades": 14,
      "num_buys": 10,
      "num_sells": 3,
      "final_profit": 163971.750786602,
      "initial_capital": 10000.0,
      "max_drawdown": -2.927660218366721,
      "sharpe_ratio": 6.854025469908392,
      "win_rate": 100.0,
      "score": 709.0095220425515
    },
    {
      "drawdown_threshold": -0.3,
      "buy_pe_threshold": 60,
      "sell_pe_threshold": 90,
      "total_return": 1637.7506683143042,
      "num_trades": 14,
      "num_buys": 10,
      "num_sells": 3,
      "final_profit": 163775.06683143042,
      "initial_capital": 10000.0,
      "max_drawdown": -2.575655451252818,
      "sharpe_ratio": 6.874569558136015,
      "win_rate": 100.0,
      "score": 708.3342753517431
    },
    {
      "drawdown_threshold": -0.3,
      "buy_pe_threshold": 55,
      "sell_pe_threshold": 90,
      "total_return": 1540.1875871423463,
      "num_trades": 13,
      "num_buys": 9,
      "num_sells": 3,
      "final_profit": 154018.75871423463,
      "initial_capital": 10000.0,
      "max_drawdown": -1.2057063373045562,
      "sharpe_ratio": 7.077608756340204,
      "win_rate": 100.0,
      "score": 669.9891111021582
    },
    {
      "drawdown_threshold": -0.15,
      "buy_pe_threshold": 60,
      "sell_pe_threshold": 90,
      "total_return": 1544.0241102076004,
      "num_trades": 19,
      "num_buys": 15,
      "num_sells": 3,
      "final_profit": 772012.0551038003,
      "initial_capital": 50000.0,
      "max_drawdown": -31.595431244820478,
      "sharpe_ratio": 4.905211043839886,
      "win_rate": 100.0,
      "score": 661.1009799217558
    },
    {
      "drawdown_threshold": -0.15,
      "buy_pe_threshold": 65,
      "sell_pe_threshold": 90,
      "total_return": 1533.1485863784114,
      "num_trades": 19,
      "num_buys": 15,
      "num_sells": 3,
      "final_profit": 766574.2931892057,
      "initial_capital": 50000.0,
      "max_drawdown": -29.368648411970433,
      "sharpe_ratio": 4.734266779704684,
      "win_rate": 100.0,
      "score": 656.8542384283799
    },
    {
      "drawdown_threshold": -0.15,
      "buy_pe_threshold": 55,
      "sell_pe_threshold": 90,
      "total_return": 1490.4998210291158,
      "num_trades": 17,
      "num_buys": 13,
      "num_sells": 3,
      "final_profit": 745249.9105145579,
      "initial_capital": 50000.0,
      "max_drawdown": -29.973808885769003,
      "sharpe_ratio": 4.975368394278121,
      "win_rate": 100.0,
      "score": 640.1559034230487
    },
    {
      "drawdown_threshold": -0.3,
      "buy_pe_threshold": 65,
      "sell_pe_threshold": 85,
      "total_return": 1443.9113497363567,
      "num_trades": 15,
      "num_buys": 10,
      "num_sells": 4,
      "final_profit": 144391.13497363566,
      "initial_capital": 10000.0,
      "max_drawdown": -3.901239146473175,
      "sharpe_ratio": 6.562655056748825,
      "win_rate": 100.0,
      "score": 629.9096021787458
    },
    {
      "drawdown_threshold": -0.3,
      "buy_pe_threshold": 60,
      "sell_pe_threshold": 85,
      "total_return": 1442.0476269822184,
      "num_trades": 15,
      "num_buys": 10,
      "num_sells": 4,
      "final_profit": 144204.76269822184,
      "initial_capital": 10000.0,
      "max_drawdown": -4.007134267931311,
      "sharpe_ratio": 6.554063334255675,
      "win_rate": 100.0,
      "score": 629.1257506078125
    },
    {
      "drawdown_threshold": -0.15,
      "buy_pe_threshold": 60,
      "sell_pe_threshold": 85,
      "total_return": 1442.053265974835,
      "num_trades": 25,
      "num_buys": 20,
      "num_sells": 4,
      "final_profit": 721026.6329874175,
      "initial_capital": 50000.0,
      "max_drawdown": -27.47037107071787,
      "sharpe_ratio": 4.756126277819542,
      "win_rate": 100.0,
      "score": 620.8394847314296
    },
    {
      "drawdown_threshold": -0.15,
      "buy_pe_threshold": 65,
      "sell_pe_threshold": 85,
      "total_return": 1436.3328990206123,
      "num_trades": 25,
      "num_buys": 20,
      "num_sells": 4,
      "final_profit": 718166.4495103061,
      "initial_capital": 50000.0,
      "max_drawdown": -25.053820754830763,
      "sharpe_ratio": 4.59355765053502,
      "win_rate": 100.0,
      "score": 618.709510758349
    }
  ]
}